Date,GGAL,MELI,SPY,YPF
2023-06-20,14.555365562438965,1197.739990234375,421.1785583496094,14.539999961853027
2023-06-21,15.107026100158691,1210.9000244140625,419.0205993652344,15.449999809265137
2023-06-22,14.003702163696289,1241.510009765625,420.53314208984375,14.729999542236328
2023-06-23,14.24134349822998,1226.489990234375,417.3539123535156,14.789999961853027
2023-06-26,14.911825180053711,1155.510009765625,415.6486511230469,15.399999618530273
2023-06-27,14.232857704162598,1162.0899658203125,420.20550537109375,14.989999771118164
2023-06-28,14.317726135253906,1207.68994140625,420.4175109863281,14.770000457763672
2023-06-29,14.63174819946289,1171.449951171875,422.0745544433594,15.1899995803833
2023-06-30,14.597803115844727,1184.5999755859375,427.05535888671875,14.890000343322754
2023-07-03,14.691160202026367,1193.75,427.5467529296875,14.890000343322754
2023-07-05,14.80148983001709,1247.3599853515625,426.9108581542969,15.149999618530273
2023-07-06,13.672706604003906,1153.5899658203125,423.56787109375,14.050000190734863
2023-07-07,14.080087661743164,1153.8199462890625,422.4984130859375,14.369999885559082
2023-07-10,13.832257270812988,1087.1500244140625,423.56787109375,14.510000228881836
2023-07-11,14.003767967224121,1121.5799560546875,426.2653503417969,14.420000076293945
2023-07-12,14.321061134338379,1141.1300048828125,429.6949768066406,14.9399995803833
2023-07-13,14.895618438720703,1146.719970703125,433.1054992675781,15.170000076293945
2023-07-14,13.960891723632812,1135.719970703125,432.83575439453125,14.479999542236328
2023-07-17,14.724105834960938,1179.1700439453125,434.3385925292969,15.239999771118164
2023-07-18,14.94706916809082,1208.6600341796875,437.5660400390625,15.479999542236328
2023-07-19,14.664078712463379,1225.75,438.5390625,15.350000381469727
2023-07-20,14.921344757080078,1198.3399658203125,435.6295471191406,15.25
2023-07-21,15.307242393493652,1221.030029296875,435.6295471191406,15.460000038146973
2023-07-24,14.904193878173828,1198.4300537109375,437.57568359375,15.630000114440918
2023-07-25,15.161458015441895,1181.8399658203125,438.7702331542969,15.630000114440918
2023-07-26,15.230062484741211,1176.22998046875,438.83770751953125,15.399999618530273
2023-07-27,14.166701316833496,1169.9000244140625,435.9281921386719,14.350000381469727
2023-07-28,14.479323387145996,1225.02001953125,440.1960754394531,14.59000015258789
2023-07-31,14.678500175476074,1238.050048828125,441.0343017578125,14.890000343322754
2023-08-01,14.193546295166016,1210.4000244140625,439.7721862792969,14.680000305175781
2023-08-02,13.691276550292969,1164.81005859375,433.6545715332031,14.260000228881836
2023-08-03,13.578695297241211,1323.1099853515625,432.4118957519531,14.0
2023-08-04,14.158905982971191,1296.1600341796875,430.45611572265625,14.069999694824219
2023-08-07,13.94240951538086,1358.81005859375,434.21337890625,13.949999809265137
2023-08-08,14.487985610961914,1328.3599853515625,432.3251037597656,14.329999923706055
2023-08-09,14.384065628051758,1312.6600341796875,429.4349670410156,14.329999923706055
2023-08-10,14.903657913208008,1387.06005859375,429.589111328125,14.390000343322754
2023-08-11,14.522624015808105,1330.0,429.3385009765625,14.510000228881836
2023-08-14,13.682613372802734,1296.52001953125,431.7085266113281,14.229999542236328
2023-08-15,13.552714347839355,1286.0400390625,426.6796569824219,14.069999694824219
2023-08-16,13.81251049041748,1247.43994140625,423.548583984375,14.630000114440918
2023-08-17,13.266937255859375,1196.56005859375,420.3211669921875,14.739999771118164
2023-08-18,13.137042999267578,1199.5899658203125,420.52349853515625,14.59000015258789
2023-08-21,13.0158052444458,1228.510009765625,423.25958251953125,14.399999618530273
2023-08-22,13.457456588745117,1242.72998046875,422.1130676269531,14.619999885559082
2023-08-23,14.314785957336426,1258.8699951171875,426.8144836425781,15.029999732971191
2023-08-24,13.854427337646484,1215.31005859375,420.89923095703125,14.6899995803833
2023-08-25,14.448437690734863,1237.8399658203125,423.866455078125,14.75
2023-08-28,15.557838439941406,1249.4599609375,426.5543212890625,14.899999618530273
2023-08-29,15.942200660705566,1304.6600341796875,432.7201232910156,14.84000015258789
2023-08-30,15.846107482910156,1343.1300048828125,434.5024719238281,14.609999656677246
2023-08-31,15.793700218200684,1372.3599853515625,433.8665771484375,14.4399995803833
2023-09-01,15.356925010681152,1421.6400146484375,434.67578125,14.210000038146973
2023-09-05,14.684294700622559,1435.050048828125,432.7971496582031,13.649999618530273
2023-09-06,14.474644660949707,1425.969970703125,429.8877258300781,13.470000267028809
2023-09-07,14.264993667602539,1436.3499755859375,428.5679016113281,13.09000015258789
2023-09-08,13.854427337646484,1428.18994140625,429.2133483886719,12.65999984741211
2023-09-11,13.749602317810059,1422.9300537109375,432.0361022949219,12.069999694824219
2023-09-12,13.950518608093262,1399.1400146484375,429.6661376953125,12.449999809265137
2023-09-13,14.020400047302246,1397.4599609375,430.1671142578125,12.84000015258789
2023-09-14,14.177637100219727,1383.4300537109375,433.8761291503906,12.930000305175781
2023-09-15,13.863162994384766,1396.6600341796875,428.648681640625,12.710000038146973
2023-09-18,14.247520446777344,1383.72998046875,428.900146484375,13.079999923706055
2023-09-19,13.793278694152832,1342.6400146484375,428.0106201171875,12.9399995803833
2023-09-20,13.373976707458496,1326.3399658203125,424.07574462890625,12.789999961853027
2023-09-21,13.059499740600586,1293.280029296875,417.0665283203125,13.119999885559082
2023-09-22,12.887840270996094,1276.9599609375,416.128662109375,12.869999885559082
2023-09-25,12.579728126525879,1290.530029296875,417.87860107421875,12.579999923706055
2023-09-26,12.183587074279785,1268.6199951171875,411.73944091796875,12.210000038146973
2023-09-27,12.113161087036133,1256.52001953125,411.9037780761719,12.6899995803833
2023-09-28,12.20999526977539,1274.1400146484375,414.291748046875,12.619999885559082
2023-09-29,11.488136291503906,1267.8800048828125,413.2863464355469,12.25
2023-10-02,11.136007308959961,1259.4100341796875,413.1219482421875,12.119999885559082
2023-10-03,10.669441223144531,1228.280029296875,407.5918884277344,11.640000343322754
2023-10-04,10.801487922668457,1231.56005859375,410.5599365234375,11.460000038146973
2023-10-05,11.162419319152832,1214.3800048828125,410.4052734375,11.489999771118164
2023-10-06,11.241647720336914,1237.530029296875,415.2779235839844,11.399999618530273
2023-10-09,10.898324012756348,1238.3800048828125,417.93658447265625,11.970000267028809
2023-10-10,10.590213775634766,1258.31005859375,420.1119384765625,12.079999923706055
2023-10-11,10.915929794311523,1243.949951171875,421.83282470703125,12.5
2023-10-12,10.651835441589355,1229.9599609375,419.2610778808594,12.859999656677246
2023-10-13,10.502179145812988,1223.5,417.1728210449219,12.739999771118164
2023-10-16,11.091992378234863,1226.199951171875,421.5621032714844,12.979999542236328
2023-10-17,10.995160102844238,1240.6500244140625,421.542724609375,13.720000267028809
2023-10-18,10.819095611572266,1211.699951171875,415.9256286621094,13.5
2023-10-19,10.273298263549805,1179.9599609375,412.27117919921875,12.609999656677246
2023-10-20,9.973989486694336,1169.6700439453125,407.2052001953125,12.289999961853027
2023-10-23,10.106039047241211,1180.1300048828125,406.4993591308594,11.489999771118164
2023-10-24,9.745107650756836,1221.989990234375,409.56414794921875,11.239999771118164
2023-10-25,10.422953605651855,1190.97998046875,403.6860046386719,11.270000457763672
2023-10-26,10.502179145812988,1175.0,398.8520202636719,11.300000190734863
2023-10-27,10.343724250793457,1200.449951171875,397.0440673828125,11.039999961853027
2023-10-30,9.797926902770996,1226.239990234375,401.79107666015625,10.449999809265137
2023-10-31,9.868351936340332,1240.739990234375,404.314453125,9.930000305175781
2023-11-01,10.519787788391113,1300.010009765625,408.6263427734375,10.350000381469727
2023-11-02,10.836702346801758,1319.5,416.4574279785156,10.699999809265137
2023-11-03,10.951143264770508,1387.7900390625,420.2569274902344,10.720000267028809
2023-11-06,10.599014282226562,1374.77001953125,421.2237243652344,10.239999771118164
2023-11-07,10.625426292419434,1382.719970703125,422.42254638671875,10.140000343322754
2023-11-08,10.317314147949219,1367.3399658203125,422.73193359375,10.029999732971191
2023-11-09,10.361330032348633,1341.3800048828125,419.4351501464844,9.960000038146973
2023-11-10,10.370133399963379,1374.3900146484375,425.9803466796875,10.319999694824219
2023-11-13,10.264495849609375,1378.2900390625,425.5743408203125,10.15999984741211
2023-11-14,10.52859115600586,1430.510009765625,433.83074951171875,10.470000267028809
2023-11-15,10.555000305175781,1442.550048828125,434.74920654296875,10.25
2023-11-16,10.449360847473145,1469.550048828125,435.28094482421875,10.210000038146973
2023-11-17,11.003962516784668,1448.0,435.82232666015625,10.729999542236328
2023-11-20,12.896642684936523,1481.989990234375,439.1771545410156,15.010000228881836
2023-11-21,12.817415237426758,1495.47998046875,438.2199401855469,14.829999923706055
2023-11-22,11.884278297424316,1525.0,439.9118957519531,15.0
2023-11-24,13.486454963684082,1535.5,440.1825256347656,16.84000015258789
2023-11-27,14.806929588317871,1599.2099609375,439.3898620605469,17.260000228881836
2023-11-28,14.859746932983398,1589.0899658203125,439.8248596191406,16.790000915527344
2023-11-29,15.247089385986328,1610.5799560546875,439.5154724121094,16.979999542236328
2023-11-30,15.123844146728516,1620.4599609375,441.24603271484375,16.610000610351562
2023-12-01,14.903763771057129,1652.010009765625,443.85638427734375,16.149999618530273
2023-12-04,14.859746932983398,1599.6300048828125,441.5264892578125,16.040000915527344
2023-12-05,15.247089385986328,1584.5999755859375,441.4394226074219,17.09000015258789
2023-12-06,14.903763771057129,1569.25,439.6605529785156,16.40999984741211
2023-12-07,14.965388298034668,1590.93994140625,443.0152893066406,16.5
2023-12-08,15.405547142028809,1577.97998046875,444.9198913574219,17.139999389648438
2023-12-11,15.379133224487305,1614.699951171875,446.6504821777344,17.079999923706055
2023-12-12,15.21187686920166,1616.9200439453125,448.6903991699219,17.260000228881836
2023-12-13,15.722461700439453,1612.1600341796875,454.8778381347656,17.600000381469727
2023-12-14,15.25589370727539,1603.510009765625,456.3377990722656,17.43000030517578
2023-12-15,14.481213569641113,1606.18994140625,455.58648681640625,17.040000915527344
2023-12-18,14.974191665649414,1619.5699462890625,458.14910888671875,17.520000457763672
2023-12-19,14.727700233459473,1629.989990234375,460.93505859375,17.31999969482422
2023-12-20,15.414346694946289,1597.43994140625,454.54779052734375,17.700000762939453
2023-12-21,15.643229484558105,1598.3299560546875,458.8577575683594,17.649999618530273
2023-12-22,16.02176856994629,1589.0799560546875,459.77996826171875,17.5
2023-12-26,15.687246322631836,1576.6400146484375,461.7213134765625,17.469999313354492
2023-12-27,15.608016014099121,1590.8800048828125,462.5561828613281,17.239999771118164
2023-12-28,15.282302856445312,1581.5999755859375,462.7309265136719,17.010000228881836
2023-12-29,15.203075408935547,1571.5400390625,461.3913269042969,17.190000534057617
2024-01-02,14.930173873901367,1529.1600341796875,458.8091735839844,16.520000457763672
2024-01-03,14.771720886230469,1500.0,455.0622863769531,16.770000457763672
2024-01-04,14.296346664428711,1519.3800048828125,453.59649658203125,16.229999542236328
2024-01-05,14.516426086425781,1538.8299560546875,454.2177429199219,16.700000762939453
2024-01-08,14.613259315490723,1575.5999755859375,460.7021179199219,16.709999084472656
2024-01-09,13.636109352111816,1573.3399658203125,460.00323486328125,16.040000915527344
2024-01-10,14.164299011230469,1598.1600341796875,462.604736328125,15.899999618530273
2024-01-11,13.891400337219238,1591.6800537109375,462.4008483886719,15.989999771118164
2024-01-12,14.067464828491211,1658.5799560546875,462.7212219238281,15.890000343322754
2024-01-16,13.803370475769043,1672.6700439453125,461.02239990234375,14.90999984741211
2024-01-17,14.31395435333252,1635.280029296875,458.4597473144531,15.0
2024-01-18,14.674884796142578,1661.97998046875,462.5367431640625,15.199999809265137
2024-01-19,15.132650375366211,1726.18994140625,468.3027648925781,15.630000114440918
2024-01-22,16.00416374206543,1756.300048828125,469.2929992675781,15.640000343322754
2024-01-23,16.189029693603516,1759.9100341796875,470.66162109375,15.789999961853027
2024-01-24,16.726022720336914,1762.699951171875,471.1761779785156,16.440000534057617
2024-01-25,17.888038635253906,1738.800048828125,473.7388610839844,17.3700008392334
2024-01-26,18.73314666748047,1795.800048828125,473.1369934082031,17.690000534057617
2024-01-29,18.73314666748047,1777.4300537109375,476.8839111328125,17.540000915527344
2024-01-30,18.92681312561035,1735.300048828125,476.51513671875,17.290000915527344
2024-01-31,19.023649215698242,1711.81005859375,468.7396545410156,17.280000686645508
2024-02-01,19.217321395874023,1748.280029296875,474.87457275390625,17.489999771118164
2024-02-02,19.278940200805664,1772.9000244140625,479.87371826171875,17.18000030517578
2024-02-05,18.2841796875,1774.75,478.1264953613281,16.40999984741211
2024-02-06,18.187349319458008,1710.3900146484375,479.5146484375,16.530000686645508
2024-02-07,17.007726669311523,1713.8699951171875,483.5140380859375,16.040000915527344
2024-02-08,15.977750778198242,1732.8299560546875,483.7275085449219,15.8100004196167
2024-02-09,16.726022720336914,1742.260009765625,486.523193359375,16.639999389648438
2024-02-12,16.946104049682617,1733.22998046875,486.30963134765625,16.739999771118164
2024-02-13,17.051746368408203,1706.239990234375,479.6116638183594,16.65999984741211
2024-02-14,17.47429084777832,1746.3699951171875,483.97021484375,17.020000457763672
2024-02-15,17.738384246826172,1771.8299560546875,487.3094482421875,17.0
2024-02-16,18.099313735961914,1768.780029296875,484.88262939453125,16.850000381469727
2024-02-20,18.2841796875,1740.010009765625,482.21319580078125,16.709999084472656
2024-02-21,18.292984008789062,1737.77001953125,482.6500244140625,16.959999084472656
2024-02-22,18.935617446899414,1817.97998046875,492.638671875,18.049999237060547
2024-02-23,19.331758499145508,1629.3199462890625,492.97845458984375,18.040000915527344
2024-02-26,19.965587615966797,1610.1300048828125,491.1728820800781,17.90999984741211
2024-02-27,19.023649215698242,1607.43994140625,492.08538818359375,17.40999984741211
2024-02-28,19.13808822631836,1579.489990234375,491.4350280761719,17.06999969482422
2024-02-29,19.375774383544922,1595.300048828125,493.20172119140625,17.299999237060547
2024-03-01,19.622262954711914,1612.75,497.83197021484375,17.829999923706055
2024-03-04,19.111679077148438,1560.0799560546875,497.29815673828125,18.709999084472656
2024-03-05,18.609895706176758,1527.2900390625,492.3280334472656,18.200000762939453
2024-03-06,20.124042510986328,1525.5899658203125,494.8227844238281,18.670000076293945
2024-03-07,20.176860809326172,1529.93994140625,499.7346496582031,18.31999969482422
2024-03-08,19.88636016845703,1512.5,496.7351379394531,17.649999618530273
2024-03-11,19.173301696777344,1547.3199462890625,496.3079833984375,17.34000015258789
2024-03-12,20.062423706054688,1545.56005859375,501.6469421386719,17.639999389648438
2024-03-13,21.391698837280273,1550.6199951171875,500.8606872558594,18.110000610351562
2024-03-14,20.564205169677734,1561.27001953125,499.8705749511719,18.0
2024-03-15,20.986753463745117,1499.510009765625,496.4381103515625,18.059999465942383
2024-03-18,21.814254760742188,1509.050048828125,499.3885192871094,19.260000228881836
2024-03-19,21.453327178955078,1519.43994140625,502.1637268066406,18.969999313354492
2024-03-20,22.307231903076172,1528.8399658203125,506.8083190917969,19.360000610351562
2024-03-21,22.85302734375,1555.68994140625,508.4831237792969,20.190000534057617
2024-03-22,22.958662033081055,1571.989990234375,507.5191650390625,20.260000228881836
2024-03-25,23.020286560058594,1550.0699462890625,506.11700439453125,20.3700008392334
2024-03-26,22.58893585205078,1537.4599609375,505.1822204589844,19.799999237060547
2024-03-27,23.020286560058594,1522.6500244140625,509.4277648925781,20.1200008392334
2024-03-28,22.377655029296875,1511.9599609375,509.3304748535156,19.799999237060547
2024-04-01,22.7033748626709,1528.949951171875,508.4441833496094,19.6299991607666
2024-04-02,21.937498092651367,1512.510009765625,505.21148681640625,19.90999984741211
2024-04-03,22.976272583007812,1504.97998046875,505.76641845703125,20.639999389648438
2024-04-04,22.712177276611328,1487.81005859375,499.5930480957031,20.229999542236328
2024-04-05,24.094276428222656,1501.719970703125,504.81219482421875,21.040000915527344
2024-04-08,24.41118621826172,1488.5799560546875,505.09454345703125,21.709999084472656
2024-04-09,25.229883193969727,1495.010009765625,505.67889404296875,21.75
2024-04-10,25.39714241027832,1478.0,500.615478515625,21.459999084472656
2024-04-11,26.2070369720459,1507.56005859375,504.3935852050781,21.610000610351562
2024-04-12,26.06618309020996,1444.1400146484375,497.43133544921875,21.170000076293945
2024-04-15,24.296754837036133,1415.8800048828125,491.1994934082031,20.209999084472656
2024-04-16,24.446401596069336,1397.8800048828125,490.3036193847656,20.25
2024-04-17,24.36717414855957,1397.8599853515625,487.40191650390625,19.469999313354492
2024-04-18,24.6752872467041,1370.25,486.39892578125,19.06999969482422
2024-04-19,25.053817749023438,1356.4300537109375,482.1534729003906,19.34000015258789
2024-04-22,27.307432174682617,1368.22998046875,486.59368896484375,20.790000915527344
2024-04-23,26.876073837280273,1395.0,492.3678894042969,20.8700008392334
2024-04-24,25.59081268310547,1370.0,492.1342468261719,20.15999984741211
2024-04-25,25.960546493530273,1363.8299560546875,490.2646789550781,20.239999771118164
2024-04-26,27.02573013305664,1406.0,494.9093933105469,21.170000076293945
2024-04-29,27.518707275390625,1438.3599853515625,496.662109375,21.479999542236328
2024-04-30,28.548673629760742,1458.699951171875,488.7944030761719,21.959999084472656
2024-05-01,28.495861053466797,1456.510009765625,487.2071838378906,22.079999923706055
2024-05-02,28.073307037353516,1505.989990234375,491.7641906738281,22.360000610351562
2024-05-03,30.212474822998047,1630.56005859375,497.8597717285156,23.3799991607666
2024-05-06,32.39565658569336,1653.8499755859375,503.00115966796875,23.8799991607666
2024-05-07,31.383304595947266,1688.68994140625,503.5561218261719,24.030000686645508
2024-05-08,31.735422134399414,1716.780029296875,503.6048278808594,24.459999084472656
2024-05-09,31.260051727294922,1695.4000244140625,506.5064697265625,24.3799991607666
2024-05-10,30.784685134887695,1693.969970703125,507.158935546875,22.780000686645508
2024-05-13,30.502979278564453,1677.3399658203125,507.2270812988281,22.780000686645508
2024-05-14,31.224842071533203,1683.9100341796875,509.5542907714844,23.020000457763672
2024-05-15,32.430870056152344,1718.5,515.8641967773438,23.90999984741211
2024-05-16,32.2284049987793,1739.1500244140625,514.802734375,23.639999389648438
2024-05-17,32.28121566772461,1749.1700439453125,515.542724609375,23.440000534057617
2024-05-20,32.81821823120117,1787.72998046875,516.1366577148438,23.770000457763672
2024-05-21,31.849868774414062,1772.0699462890625,517.4026489257812,23.530000686645508
2024-05-22,29.5610408782959,1736.780029296875,515.9127197265625,21.770000457763672
2024-05-23,27.281021118164062,1707.4000244140625,512.1444702148438,21.350000381469727
2024-05-24,28.583892822265625,1693.5699462890625,515.5330810546875,21.010000228881836
2024-05-28,29.11208152770996,1708.0,515.8931884765625,22.25
2024-05-29,30.080425262451172,1709.8599853515625,512.2807006835938,22.459999084472656
2024-05-30,32.466087341308594,1699.949951171875,508.8824768066406,23.90999984741211
2024-05-31,31.55936050415039,1725.5799560546875,513.5173950195312,23.209999084472656
2024-06-03,31.33928108215332,1693.1400146484375,513.93603515625,22.100000381469727
2024-06-04,29.26173210144043,1630.6500244140625,514.5105590820312,20.280000686645508
2024-06-05,29.270540237426758,1604.9000244140625,520.6256713867188,20.809999465942383
2024-06-06,27.738788604736328,1621.0899658203125,520.6158447265625,20.100000381469727
2024-06-07,27.879640579223633,1600.1600341796875,519.9830932617188,20.020000457763672
2024-06-10,29.372243881225586,1601.8800048828125,521.5896606445312,20.829999923706055
2024-06-11,28.55486297607422,1580.0,522.845703125,20.270000457763672
2024-06-12,30.154081344604492,1599.3399658203125,527.1399536132812,20.670000076293945
2024-06-13,31.273523330688477,1580.530029296875,528.2012939453125,21.170000076293945
2024-06-14,30.909259796142578,1582.1400146484375,528.522705078125,20.8799991607666
2024-06-17,30.269569396972656,1559.22998046875,532.7291259765625,20.440000534057617
2024-06-18,30.944799423217773,1573.4000244140625,534.0826416015625,21.010000228881836
2024-06-20,29.318933486938477,1585.030029296875,532.6317749023438,20.760000228881836
2024-06-21,29.10108184814453,1600.050048828125,531.9176635742188,20.299999237060547
2024-06-24,29.228160858154297,1582.8599853515625,530.1885986328125,20.770000457763672
2024-06-25,29.62755012512207,1642.280029296875,532.230224609375,20.81999969482422
2024-06-26,28.020910263061523,1678.9599609375,532.8946533203125,20.280000686645508
2024-06-27,28.71984100341797,1660.8900146484375,533.7347412109375,20.719999313354492
2024-06-28,27.73952293395996,1643.4000244140625,531.63427734375,20.1200008392334
2024-07-01,25.116249084472656,1597.5999755859375,532.7285766601562,19.34000015258789
2024-07-02,25.515636444091797,1596.47998046875,536.3135986328125,20.010000228881836
2024-07-03,25.86964225769043,1591.43994140625,538.70703125,20.149999618530273
2024-07-05,25.83333396911621,1658.9599609375,541.8134155273438,20.079999923706055
2024-07-08,25.896875381469727,1683.75,542.4385986328125,20.549999237060547
2024-07-09,26.169189453125,1722.050048828125,542.9662475585938,20.729999542236328
2024-07-10,26.786426544189453,1703.550048828125,548.3389282226562,21.049999237060547
2024-07-11,26.323497772216797,1708.6500244140625,543.6109008789062,21.1299991607666
2024-07-12,26.014875411987305,1761.219970703125,547.0397338867188,21.290000915527344
2024-07-15,24.88931655883789,1743.989990234375,548.5440673828125,20.989999771118164
2024-07-16,25.969491958618164,1720.4300537109375,551.7969970703125,20.639999389648438
2024-07-17,24.925626754760742,1670.0899658203125,544.0602416992188,19.8700008392334
2024-07-18,24.961936950683594,1623.260009765625,539.8792114257812,19.90999984741211
2024-07-19,25.606407165527344,1649.989990234375,536.2940063476562,20.190000534057617
2024-07-22,25.66994857788086,1687.3800048828125,541.8232421875,20.15999984741211
2024-07-23,26.777353286743164,1692.22998046875,540.9732666015625,20.469999313354492
2024-07-24,26.033029556274414,1642.550048828125,528.7135620117188,19.690000534057617
2024-07-25,25.751644134521484,1625.1500244140625,525.9586181640625,19.68000030517578
2024-07-26,26.324975967407227,1651.68994140625,531.849365234375,19.979999542236328
2024-07-29,25.637346267700195,1621.4000244140625,532.1618041992188,19.299999237060547
2024-07-30,25.107688903808594,1626.1500244140625,529.4656982421875,18.950000762939453
2024-07-31,26.919677734375,1668.9000244140625,538.0719604492188,19.940000534057617
2024-08-01,26.362146377563477,1606.06005859375,530.452392578125,19.3700008392334
2024-08-02,24.763874053955078,1776.1400146484375,520.5761108398438,18.139999389648438
2024-08-05,24.726707458496094,1776.0,505.4151611328125,18.059999465942383
2024-08-06,26.064790725708008,1810.3900146484375,510.07476806640625,18.450000762939453
2024-08-07,26.64090919494629,1859.699951171875,506.6654968261719,19.030000686645508
2024-08-08,30.45073699951172,1869.4000244140625,518.3782348632812,19.780000686645508
2024-08-09,31.81669807434082,1883.6199951171875,520.6641235351562,20.579999923706055
2024-08-12,31.81669807434082,1901.8199462890625,520.9376220703125,21.440000534057617
2024-08-13,31.974666595458984,1916.199951171875,529.5048217773438,21.59000015258789
2024-08-14,32.93177032470703,1898.5699462890625,531.1753540039062,21.600000381469727
2024-08-15,32.97822952270508,1996.43994140625,540.27978515625,21.780000686645508
2024-08-16,32.680885314941406,1977.969970703125,541.4911499023438,21.670000076293945
2024-08-19,32.86589050292969,2028.0,546.66845703125,21.790000915527344
2024-08-20,32.9797477722168,2005.6600341796875,545.779541015625,21.639999389648438
2024-08-21,32.13533401489258,2007.4599609375,547.6551513671875,21.1200008392334
2024-08-22,31.423736572265625,1988.8299560546875,543.3567504882812,20.68000030517578
2024-08-23,32.903839111328125,2000.31005859375,549.1301879882812,21.06999969482422
2024-08-26,32.059425354003906,2004.699951171875,547.8211669921875,21.31999969482422
2024-08-27,33.15052795410156,2036.2099609375,548.5734252929688,21.59000015258789
2024-08-28,33.38772201538086,1995.1700439453125,545.3887939453125,21.729999542236328
2024-08-29,35.75019073486328,2015.7900390625,545.4376220703125,22.440000534057617
2024-08-30,37.163883209228516,2061.659912109375,550.644287109375,23.700000762939453
2024-09-03,38.22651672363281,1990.1700439453125,539.3126220703125,23.25
2024-09-04,40.076656341552734,1991.5899658203125,538.2088012695312,24.040000915527344
2024-09-05,39.83946228027344,2038.1800537109375,536.8997192382812,23.920000076293945
2024-09-06,38.9760627746582,1986.050048828125,527.8636474609375,23.350000381469727
2024-09-09,40.12409973144531,2029.9100341796875,533.7737426757812,23.270000457763672
2024-09-10,39.421993255615234,2017.5799560546875,536.0986938476562,22.719999313354492
2024-09-11,40.94954299926758,2045.8800048828125,541.5984497070312,22.81999969482422
2024-09-12,41.253143310546875,2140.10009765625,546.1605224609375,23.110000610351562
2024-09-13,42.752227783203125,2122.3701171875,549.012939453125,23.309999465942383
2024-09-16,42.05961227416992,2105.510009765625,549.8238525390625,23.8700008392334
2024-09-17,42.82813262939453,2074.260009765625,550.048583984375,23.649999618530273
2024-09-18,43.76742935180664,2102.639892578125,548.4171142578125,23.559999465942383
2024-09-19,44.687740325927734,2109.39990234375,557.7755126953125,24.260000228881836
2024-09-20,44.2418098449707,2103.75,556.811279296875,23.649999618530273
2024-09-23,43.29303741455078,2102.6298828125,558.2028198242188,22.8799991607666
2024-09-24,42.088077545166016,2111.0,559.7998657226562,22.75
2024-09-25,40.92107009887695,2131.2900390625,558.5653686523438,22.350000381469727
2024-09-26,40.99697494506836,2100.2099609375,560.7797241210938,22.059999465942383
2024-09-27,41.537776947021484,2064.7099609375,559.9664916992188,21.68000030517578
2024-09-30,39.9343376159668,2051.9599609375,562.2103271484375,21.209999084472656
2024-10-01,40.23794937133789,2066.1201171875,557.1739501953125,21.670000076293945
2024-10-02,39.792015075683594,1970.719970703125,557.4091186523438,21.690000534057617
2024-10-03,41.18673324584961,1959.199951171875,556.3899536132812,22.360000610351562
2024-10-04,41.262638092041016,1960.0,561.4461059570312,22.239999771118164
2024-10-07,40.342308044433594,1963.22998046875,556.370361328125,21.979999542236328
2024-10-08,41.91729736328125,2014.22998046875,561.63232421875,22.100000381469727
2024-10-09,44.19438171386719,2047.989990234375,565.5224609375,23.59000015258789
2024-10-10,45.48472595214844,2040.5,564.53271484375,24.25
2024-10-11,47.221004486083984,2091.159912109375,567.9132080078125,24.8799991607666
2024-10-14,46.90790557861328,2079.9599609375,572.5578002929688,25.25
2024-10-15,47.10715103149414,2033.6199951171875,568.1093139648438,25.739999771118164
2024-10-16,46.338626861572266,2046.469970703125,570.5784912109375,24.8799991607666
2024-10-17,46.31965255737305,2065.8701171875,570.6275024414062,25.020000457763672
2024-10-18,48.02747344970703,2079.7900390625,572.8223876953125,25.0
2024-10-21,48.036956787109375,2100.580078125,571.8817749023438,24.8700008392334
2024-10-22,47.951560974121094,2067.820068359375,571.5780029296875,24.81999969482422
2024-10-23,47.221004486083984,2038.699951171875,566.355224609375,24.299999237060547
2024-10-24,50.21916198730469,2055.929931640625,567.5801391601562,25.110000610351562
2024-10-25,51.12999725341797,2047.3499755859375,567.3841552734375,25.649999618530273
2024-10-28,51.33872985839844,2056.090087890625,569.13818359375,25.510000228881836
2024-10-29,50.788429260253906,2026.5699462890625,570.0592041015625,24.84000015258789
2024-10-30,49.58346939086914,2020.719970703125,568.3345336914062,24.549999237060547
2024-10-31,50.01991653442383,2037.1800537109375,557.1935424804688,24.510000228881836
2024-11-01,49.27037048339844,2054.89990234375,559.5452270507812,25.3700008392334
2024-11-04,49.09959030151367,2063.699951171875,558.3400268554688,26.59000015258789
2024-11-05,49.13754653930664,2090.010009765625,565.09130859375,27.489999771118164
2024-11-06,52.126216888427734,2117.300048828125,579.1425170898438,28.25
2024-11-07,51.955440521240234,1774.050048828125,583.6206665039062,29.31999969482422
2024-11-08,51.06357955932617,1872.010009765625,586.148681640625,29.239999771118164
2024-11-11,51.05409240722656,1961.1600341796875,586.707275390625,29.84000015258789
2024-11-12,51.94594955444336,1977.3900146484375,584.8847045898438,29.790000915527344
2024-11-13,52.21160125732422,1930.949951171875,585.1688232421875,30.90999984741211
2024-11-14,51.90800094604492,1876.199951171875,581.4061279296875,32.2599983215332
2024-11-15,53.407073974609375,1880.0,573.9591674804688,32.38999938964844
2024-11-18,56.130088806152344,1916.1199951171875,576.3109130859375,34.939998626708984
2024-11-19,54.10917282104492,1916.510009765625,578.41748046875,35.54999923706055
2024-11-20,54.706905364990234,1931.260009765625,578.6134643554688,37.16999816894531
2024-11-21,53.06550979614258,1968.1500244140625,581.7196044921875,37.470001220703125
2024-11-22,52.6385612487793,2005.0,583.5225830078125,40.029998779296875
2024-11-25,52.667022705078125,2099.949951171875,585.5020141601562,39.2599983215332
2024-11-26,53.82454299926758,2110.0,588.5591430664062,40.029998779296875
2024-11-27,53.236289978027344,2044.760009765625,586.7758178710938,39.709999084472656
2024-11-29,53.54938888549805,1985.1700439453125,590.4208374023438,40.29999923706055
2024-12-02,56.196502685546875,1952.43994140625,591.4791870117188,40.220001220703125
2024-12-03,55.13386917114258,1929.489990234375,591.7535400390625,40.150001525878906
2024-12-04,53.245784759521484,1987.4300537109375,595.4280395507812,38.380001068115234
2024-12-05,55.247711181640625,1984.949951171875,594.4481201171875,38.459999084472656
2024-12-06,55.90237808227539,1947.1800537109375,595.5750122070312,38.869998931884766
2024-12-09,55.29515838623047,1844.300048828125,592.5079345703125,40.5099983215332
2024-12-10,54.982051849365234,1879.1800537109375,590.6658325195312,40.650001525878906
2024-12-11,58.60641098022461,1897.8699951171875,595.2321166992188,43.119998931884766
2024-12-12,58.426151275634766,1870.77001953125,592.1650390625,43.959999084472656
2024-12-13,59.12824630737305,1823.8599853515625,592.0474243164062,44.560001373291016
2024-12-16,64.28963470458984,1796.719970703125,594.5755004882812,44.58000183105469
2024-12-17,65.20046997070312,1809.1199951171875,592.1258544921875,44.880001068115234
2024-12-18,60.08652114868164,1716.3800048828125,574.4783935546875,41.689998626708984
2024-12-19,58.160484313964844,1666.0,574.3020629882812,41.41999816894531
2024-12-20,60.33320236206055,1720.3599853515625,581.199951171875,42.02000045776367
2024-12-23,59.877777099609375,1729.8499755859375,584.6803588867188,42.439998626708984
2024-12-24,61.547645568847656,1743.2900390625,591.1790771484375,42.790000915527344
2024-12-26,61.405338287353516,1732.760009765625,591.2184448242188,43.060001373291016
2024-12-27,61.0068359375,1725.469970703125,584.9949951171875,42.63999938964844
2024-12-30,59.602638244628906,1721.800048828125,578.3192749023438,42.369998931884766
2024-12-31,59.12824630737305,1700.43994140625,576.2152709960938,42.5099983215332
2025-01-02,65.2763671875,1765.0,574.799560546875,44.599998474121094
2025-01-03,66.52876281738281,1834.1700439453125,581.9865112304688,44.060001373291016
2025-01-06,67.46805572509766,1799.4200439453125,585.339111328125,45.0099983215332
2025-01-07,68.52120971679688,1771.219970703125,578.7223510742188,46.029998779296875
2025-01-08,67.36368560791016,1739.0,579.56787109375,45.31999969482422
2025-01-10,68.36941528320312,1758.77001953125,570.7192993164062,45.849998474121094
2025-01-13,64.57426452636719,1740.0,571.604248046875,44.5099983215332
2025-01-14,66.82288360595703,1753.6099853515625,572.3906860351562,45.0
2025-01-15,67.96143341064453,1838.1500244140625,582.8025512695312,45.0
2025-01-16,66.32003021240234,1837.1800537109375,581.6817626953125,43.81999969482422
2025-01-17,63.63497543334961,1836.0,587.5218505859375,42.709999084472656
2025-01-21,66.56671142578125,1834.510009765625,592.8995361328125,43.349998474121094
2025-01-22,67.2308578491211,1818.489990234375,596.232666015625,43.02000045776367
2025-01-23,65.37125396728516,1828.72998046875,599.4869384765625,41.959999084472656
2025-01-24,64.73556518554688,1843.449951171875,597.7367553710938,40.959999084472656
2025-01-27,61.45276641845703,1846.0,589.2815551757812,39.619998931884766
2025-01-28,62.524898529052734,1895.530029296875,594.3448486328125,38.86000061035156
2025-01-29,64.87786865234375,1889.760009765625,591.6804809570312,40.0
2025-01-30,65.75076293945312,1947.3199462890625,594.8560791015625,40.47999954223633
2025-01-31,64.02397155761719,1922.18994140625,591.6902465820312,39.470001220703125
2025-02-03,61.841766357421875,1908.9000244140625,587.70849609375,38.47999954223633
2025-02-04,62.06948471069336,1966.4100341796875,591.6510009765625,39.31999969482422
2025-02-05,60.437564849853516,1975.18994140625,594.0499267578125,38.560001373291016
2025-02-06,63.23648452758789,2012.800048828125,596.1146240234375,39.33000183105469
2025-02-07,60.33320236206055,1996.6500244140625,590.6580200195312,37.790000915527344
2025-02-10,59.81137466430664,2042.219970703125,594.6693115234375,38.0
2025-02-11,55.60825729370117,2035.1800537109375,595.1216430664062,36.099998474121094
2025-02-12,55.1148796081543,2016.72998046875,593.2044067382812,36.2599983215332
2025-02-13,56.0162353515625,2066.14990234375,599.46728515625,37.13999938964844
2025-02-14,55.78852462768555,2109.989990234375,599.4376831054688,37.220001220703125
2025-02-18,56.20598602294922,2098.75,601.1976318359375,37.15999984741211
2025-02-19,56.5001106262207,2075.7900390625,602.6133422851562,37.11000061035156
2025-02-20,57.92329406738281,2110.469970703125,600.1062622070312,38.38999938964844
2025-02-21,55.90237808227539,2260.0,589.8419799804688,37.060001373291016
2025-02-24,55.16232681274414,2223.35009765625,587.157958984375,36.380001068115234
2025-02-25,54.697425842285156,2168.60009765625,584.2378540039062,35.41999816894531
2025-02-26,56.07315444946289,2197.639892578125,584.532958984375,35.68000030517578
2025-02-27,52.65753936767578,2129.800048828125,575.2025756835938,34.45000076293945
2025-02-28,54.28944396972656,2121.8701171875,584.1788940429688,35.04999923706055
2025-03-03,53.66324996948242,2070.409912109375,573.9441528320312,34.290000915527344
2025-03-04,52.942169189453125,2059.8701171875,567.1504516601562,33.5
2025-03-05,55.361576080322266,2112.77001953125,573.24609375,34.13999938964844
2025-03-06,53.909934997558594,2045.25,563.0703125,33.40999984741211
2025-03-07,54.67844009399414,2009.3399658203125,566.2261962890625,33.38999938964844
2025-03-10,51.33872985839844,1944.6099853515625,551.1444702148438,31.559999465942383
2025-03-11,51.60438919067383,1990.1099853515625,546.5628051757812,31.889999389648438
2025-03-12,54.820762634277344,2004.8299560546875,549.4631958007812,33.88999938964844
2025-03-13,54.21354675292969,1989.699951171875,542.138671875,33.709999084472656
2025-03-14,56.37677001953125,2021.3699951171875,553.3369750976562,35.779998779296875
2025-03-17,55.31413269042969,2106.4599609375,557.60400390625,36.18000030517578
2025-03-18,52.002872467041016,2002.800048828125,551.5770874023438,33.790000915527344
2025-03-19,54.76384353637695,2065.93994140625,557.584228515625,35.47999954223633
2025-03-20,53.47349166870117,2067.570068359375,555.9718627929688,35.529998779296875
2025-03-21,55.56081771850586,2095.27001953125,556.1552734375,36.529998779296875
2025-03-24,54.782814025878906,2134.31005859375,566.1151733398438,36.16999816894531
2025-03-25,55.93083953857422,2191.300048828125,567.4760131835938,37.66999816894531
2025-03-26,54.820762634277344,2074.969970703125,560.7012939453125,37.25
2025-03-27,53.53041458129883,2095.85009765625,559.2123413085938,37.369998931884766
2025-03-28,52.92319869995117,2048.070068359375,547.9506225585938,36.0
2025-03-31,51.68029022216797,1950.8699951171875,551.62890625,35.040000915527344
2025-04-01,52.38238525390625,1915.0,553.1869506835938,35.5
2025-04-02,52.363407135009766,1934.030029296875,556.687744140625,35.5
2025-04-03,50.873817443847656,1945.550048828125,529.2537841796875,33.54999923706055
2025-04-04,45.76936340332031,1841.2900390625,498.2696838378906,30.0
2025-04-07,42.98942565917969,1794.72998046875,497.3821716308594,28.489999771118164
2025-04-08,43.33098220825195,1826.1099853515625,489.5917663574219,27.15999984741211
2025-04-09,49.49808883666992,1980.6600341796875,541.0084228515625,29.59000015258789
2025-04-10,46.41453170776367,1933.989990234375,517.3018798828125,27.579999923706055
2025-04-11,51.11101150512695,1996.949951171875,526.5320434570312,30.030000686645508
2025-04-14,58.2838249206543,2037.1199951171875,531.6401977539062,33.130001068115234
2025-04-15,56.48112869262695,2118.320068359375,530.151123046875,31.84000015258789
2025-04-16,56.96501922607422,2064.3701171875,518.3668212890625,32.4900016784668
2025-04-17,58.77719497680664,2099.3701171875,519.1064453125,33.08000183105469
2025-04-21,57.38248062133789,2056.429931640625,506.7503356933594,31.81999969482422
2025-04-22,59.69751739501953,2128.330078125,519.9348754882812,33.0
2025-04-23,61.09222412109375,2139.919921875,527.9915161132812,32.650001525878906
2025-04-24,60.00112533569336,2204.81005859375,539.1051635742188,32.2400016784668
2025-04-25,60.162418365478516,2225.85009765625,543.0003662109375,32.0
2025-04-28,59.071319580078125,2208.39990234375,543.2074584960938,31.450000762939453
2025-04-29,58.33126449584961,2280.860107421875,546.6292724609375,31.1299991607666
2025-04-30,57.306575775146484,2330.85009765625,546.8462524414062,29.799999237060547
2025-05-01,55.68415832519531,2294.52001953125,550.7216796875,29.239999771118164
2025-05-02,55.181304931640625,2280.68994140625,558.896728515625,29.09000015258789
2025-05-05,54.412784576416016,2246.5400390625,555.6918334960938,28.100000381469727
2025-05-06,55.30464172363281,2229.0,551.0471801757812,30.18000030517578
2025-05-07,55.361576080322266,2262.090087890625,553.3645629882812,30.270000457763672
2025-05-08,55.43747329711914,2410.0,557.2202758789062,30.84000015258789
2025-05-09,55.79800796508789,2450.0,556.51025390625,32.70000076293945
2025-05-12,58.502044677734375,2504.610107421875,574.9015502929688,35.529998779296875
2025-05-13,59.270572662353516,2515.1201171875,578.6981811523438,35.90999984741211
2025-05-14,59.49826431274414,2564.0,579.437744140625,36.2400016784668
2025-05-15,58.62538528442383,2586.489990234375,582.267822265625,35.77000045776367
2025-05-16,58.84361267089844,2584.919921875,585.9559936523438,35.880001068115234
2025-05-19,60.437564849853516,2578.35009765625,586.596923828125,36.90999984741211
2025-05-20,60.36167526245117,2579.2099609375,584.6246337890625,36.5
2025-05-21,58.72026824951172,2601.969970703125,574.7733154296875,35.93000030517578
2025-05-22,59.13773727416992,2606.010009765625,575.0001831054688,36.119998931884766
2025-05-23,59.64058303833008,2507.830078125,571.0753173828125,36.52000045776367
2025-05-27,58.21741485595703,2555.169921875,582.9483032226562,36.56999969482422
2025-05-28,57.48685073852539,2550.7099609375,579.5757446289062,36.959999084472656
2025-05-29,55.190792083740234,2545.489990234375,581.8635864257812,36.2599983215332
2025-05-30,55.076934814453125,2563.2900390625,581.2127075195312,35.380001068115234
2025-06-02,53.73915100097656,2593.43994140625,584.4867553710938,34.619998931884766
2025-06-03,53.95746612548828,2602.260009765625,587.8197631835938,35.31999969482422
2025-06-04,51.35490798950195,2573.9599609375,587.6619262695312,33.61000061035156
2025-06-05,51.84110641479492,2581.739990234375,584.8219604492188,33.880001068115234
2025-06-06,52.73721694946289,2482.389892578125,590.8275146484375,34.27000045776367
2025-06-09,51.49790954589844,2448.60009765625,591.3599243164062,33.709999084472656
2025-06-10,54.653377532958984,2396.43994140625,594.7128295898438,36.290000915527344
2025-06-11,53.576133728027344,2387.0,593.0166625976562,35.91999816894531
2025-06-12,53.51893615722656,2368.820068359375,595.37353515625,36.209999084472656
2025-06-13,52.1175651550293,2371.97998046875,588.7171630859375,36.290000915527344
2025-06-16,51.95549774169922,2454.760009765625,594.318359375,35.47999954223633
2025-06-17,51.812503814697266,2389.47998046875,589.2398071289062,35.43000030517578
2025-06-18,51.62184143066406,2402.75,589.1510009765625,35.279998779296875
2025-06-20,49.57222366333008,2403.81005859375,587.7673950195312,34.68000030517578
2025-06-23,48.0183219909668,2452.889892578125,593.5730590820312,33.790000915527344
2025-06-24,50.22047805786133,2528.949951171875,600.1304321289062,34.349998474121094
2025-06-25,49.257633209228516,2540.5,600.4666748046875,33.060001373291016
2025-06-26,49.524559020996094,2560.199951171875,605.1646118164062,33.380001068115234
2025-06-27,49.257633209228516,2560.050048828125,608.1712646484375,33.33000183105469
2025-06-30,48.037391662597656,2613.6298828125,611.0791015625,31.450000762939453
2025-07-01,47.65606689453125,2501.39990234375,610.8812866210938,31.450000762939453
2025-07-02,48.027862548828125,2472.050048828125,613.650634765625,32.040000915527344
2025-07-03,48.628440856933594,2514.050048828125,618.4869995117188,32.279998779296875
2025-07-07,46.09263229370117,2501.080078125,613.8780517578125,30.899999618530273
2025-07-08,48.32337951660156,2476.60009765625,613.5418090820312,33.04999923706055
2025-07-09,47.64653396606445,2477.080078125,617.2210693359375,31.90999984741211
2025-07-10,46.43581771850586,2402.10009765625,618.9617919921875,31.799999237060547
2025-07-11,44.90098571777344,2387.449951171875,616.7857666015625,30.969999313354492
2025-07-14,44.60546875,2380.25,617.9628295898438,31.079999923706055
2025-07-15,45.24418640136719,2390.0,615.3220825195312,31.610000610351562
2025-07-16,44.21461486816406,2405.14990234375,617.3792724609375,30.809999465942383
2025-07-17,45.48251724243164,2351.139892578125,621.1573486328125,30.90999984741211
2025-07-18,45.0153923034668,2413.570068359375,620.7025146484375,30.729999542236328
2025-07-21,44.88193893432617,2379.06005859375,621.87939453125,30.59000015258789
2025-07-22,45.57784652709961,2384.719970703125,621.9684448242188,30.530000686645508
2025-07-23,46.95061492919922,2394.429931640625,627.2598266601562,32.290000915527344
2025-07-24,48.67611312866211,2391.050048828125,627.4674682617188,32.400001525878906
2025-07-25,49.352970123291016,2362.56005859375,630.1181030273438,33.15999984741211
2025-07-28,48.61891174316406,2354.110107421875,629.9598388671875,33.22999954223633
2025-07-29,50.43653869628906,2384.89990234375,628.2982788085938,34.810001373291016
2025-07-30,49.7576789855957,2381.389892578125,627.5070190429688,33.88999938964844
2025-07-31,48.25653839111328,2373.889892578125,625.1531372070312,33.540000915527344
2025-08-01,46.764957427978516,2375.919921875,614.9066162109375,33.11000061035156
2025-08-04,47.13783645629883,2395.830078125,624.2529907226562,33.47999954223633
2025-08-05,48.715484619140625,2408.02001953125,621.0880737304688,35.099998474121094
2025-08-06,50.799869537353516,2317.219970703125,625.8455200195312,36.20000076293945
2025-08-07,49.336971282958984,2334.820068359375,625.3212280273438,35.77000045776367
2025-08-08,48.782413482666016,2353.699951171875,630.1972045898438,34.290000915527344
2025-08-11,49.069252014160156,2292.0400390625,628.9510498046875,34.29999923706055
2025-08-12,49.91066360473633,2350.830078125,635.6468505859375,33.95000076293945
2025-08-13,49.85329055786133,2327.300048828125,637.8228149414062,33.75
2025-08-14,47.271705627441406,2319.800048828125,637.882080078125,32.689998626708984
2025-08-15,46.14345169067383,2392.300048828125,636.388671875,32.970001220703125
2025-08-18,47.07091522216797,2364.010009765625,636.2501220703125,33.7400016784668
2025-08-19,44.67100524902344,2342.93994140625,632.7984008789062,31.969999313354492
2025-08-20,44.24073028564453,2335.97998046875,631.116943359375,31.40999984741211
2025-08-21,44.08774948120117,2337.43994140625,628.5851440429688,31.670000076293945
2025-08-22,43.28459548950195,2430.6201171875,638.2381591796875,31.75
2025-08-25,40.15800094604492,2407.739990234375,635.4292602539062,30.100000381469727
2025-08-26,39.72773742675781,2405.530029296875,638.0897827148438,30.709999084472656
2025-08-27,38.0736083984375,2413.429931640625,639.5436401367188,30.31999969482422
2025-08-28,38.04492950439453,2472.2900390625,641.80859375,30.84000015258789
2025-08-29,37.69941329956055,2472.909912109375,637.98095703125,30.469999313354492
2025-09-02,37.8913688659668,2379.760009765625,633.2533569335938,30.3799991607666
2025-09-03,36.89321517944336,2373.1201171875,636.6853637695312,29.549999237060547
2025-09-04,38.38084411621094,2417.800048828125,642.0064086914062,30.81999969482422
2025-09-05,38.486419677734375,2417.489990234375,640.14697265625,30.829999923706055
2025-09-08,29.416677474975586,2346.9599609375,641.7196044921875,26.100000381469727
2025-09-09,28.908004760742188,2373.010009765625,643.2031860351562,26.829999923706055
2025-09-10,30.779539108276367,2348.989990234375,645.0625610351562,28.639999389648438
2025-09-11,30.011728286743164,2338.199951171875,650.423095703125,28.200000762939453
2025-09-12,28.744844436645508,2339.360107421875,650.2055053710938,27.079999923706055
2025-09-15,28.005826950073242,2335.820068359375,653.6671752929688,26.690000534057617
2025-09-16,29.032773971557617,2390.139892578125,652.7671508789062,27.709999084472656
2025-09-17,28.37053680419922,2446.320068359375,651.9561157226562,27.239999771118164
2025-09-18,26.20147132873535,2476.3701171875,655.00244140625,24.40999984741211
2025-09-19,25.38568115234375,2452.340087890625,658.2465209960938,23.8700008392334
2025-09-22,30.741147994995117,2460.659912109375,661.3607177734375,26.920000076293945
2025-09-23,30.242067337036133,2494.35009765625,657.7605590820312,27.450000762939453
2025-09-24,31.61452293395996,2510.969970703125,655.6677856445312,27.729999542236328
2025-09-25,29.30150604248047,2492.25,652.6429443359375,26.770000457763672
2025-09-26,28.38973617553711,2468.419921875,656.3819580078125,26.049999237060547
2025-09-29,28.284154891967773,2501.31005859375,658.2266845703125,25.350000381469727
2025-09-30,26.575462341308594,2336.93994140625,660.7061157226562,24.290000915527344
2025-10-01,25.678680419921875,2176.909912109375,662.9574584960938,23.56999969482422
2025-10-02,26.951526641845703,2246.60009765625,663.7210693359375,23.809999465942383
2025-10-03,27.66509437561035,2172.75,663.7112426757812,24.149999618530273
2025-10-06,27.761518478393555,2154.219970703125,666.0914916992188,24.6200008392334
2025-10-07,26.806886672973633,2187.570068359375,663.6219482421875,23.989999771118164
2025-10-08,27.346881866455078,2179.889892578125,667.5791625976562,24.399999618530273
2025-10-09,33.267539978027344,2275.0,665.6452026367188,26.59000015258789
2025-10-10,31.946481704711914,2133.669921875,647.6542358398438,26.420000076293945
2025-10-13,33.036109924316406,2175.909912109375,657.5919189453125,27.649999618530273
2025-10-14,31.059345245361328,2157.820068359375,656.78857421875,26.049999237060547
2025-10-15,32.071834564208984,2048.35009765625,659.7044067382812,26.530000686645508
2025-10-16,32.02362060546875,2043.06005859375,655.2117309570312,26.3799991607666
2025-10-17,31.329343795776367,2024.97998046875,658.9308471679688,26.059999465942383
2025-10-20,30.943635940551758,2102.110107421875,665.7840576171875,25.1200008392334
2025-10-21,30.97256088256836,2142.050048828125,665.7741088867188,24.709999084472656
2025-10-22,31.840412139892578,2095.2099609375,662.3128051757812,24.75
2025-10-23,33.595394134521484,2148.320068359375,666.2402954101562,26.889999389648438
2025-10-24,34.16431427001953,2161.110107421875,671.6851806640625,26.950000762939453
2025-10-27,47.384544372558594,2282.320068359375,679.6094970703125,33.36000061035156
2025-10-28,50.52809143066406,2290.139892578125,681.4144897460938,33.849998474121094
2025-10-29,53.08341979980469,2295.919921875,681.7418823242188,34.970001220703125
2025-10-30,51.85878372192383,2360.760009765625,674.2440185546875,34.59000015258789
2025-10-31,57.017677307128906,2327.260009765625,676.4556274414062,36.43000030517578
2025-11-03,58.752506256103516,2316.39990234375,677.7251586914062,37.060001373291016
2025-11-04,57.27378845214844,2305.68994140625,669.6917114257812,36.22999954223633
2025-11-05,57.186805725097656,2301.8798828125,672.012451171875,37.02000045776367
2025-11-06,55.6211051940918,2128.330078125,664.8021850585938,36.52000045776367
2025-11-07,53.63014221191406,2108.60009765625,665.4567260742188,36.2599983215332
2025-11-10,54.02640151977539,2092.0400390625,675.8407592773438,37.209999084472656
2025-11-11,53.3401985168457,2099.570068359375,677.3878784179688,37.52000045776367
2025-11-12,53.53349685668945,2103.909912109375,677.7647705078125,37.90999984741211
2025-11-13,51.803489685058594,2031.050048828125,666.5180053710938,37.2400016784668
2025-11-14,51.03996658325195,2048.889892578125,666.4088745117188,38.66999816894531
2025-11-17,49.73522186279297,2057.719970703125,660.2002563476562,38.47999954223633
2025-11-18,49.18431854248047,2058.81005859375,654.6561889648438,38.65999984741211
2025-11-19,48.04386901855469,2077.179931640625,657.185302734375,38.66999816894531
2025-11-20,46.8067741394043,1899.75,647.1683349609375,37.0099983215332
2025-11-21,44.59353256225586,1951.780029296875,653.6148681640625,35.70000076293945
2025-11-24,45.231407165527344,2008.9200439453125,663.2351684570312,35.290000915527344
2025-11-25,47.25135803222656,2055.0,669.4734497070312,35.34000015258789
2025-11-26,49.367958068847656,2033.3199462890625,674.09521484375,36.060001373291016
2025-11-28,51.77449417114258,2071.780029296875,677.7747192382812,36.81999969482422
2025-12-01,50.88395690917969,2064.550048828125,674.6802978515625,36.43000030517578
2025-12-02,49.517616271972656,2115.909912109375,675.9300537109375,36.11000061035156
2025-12-03,51.310333251953125,2119.830078125,678.2706298828125,37.25
2025-12-04,50.17655944824219,2139.56005859375,678.7665405273438,36.63999938964844
2025-12-05,48.51951599121094,2066.419921875,680.0557861328125,35.790000915527344
2025-12-08,48.441993713378906,2088.360107421875,678.0127563476562,35.939998626708984
2025-12-09,47.579551696777344,2074.47998046875,677.4276123046875,35.72999954223633
2025-12-10,48.6261100769043,1970.72998046875,681.92041015625,36.06999969482422
2025-12-11,47.414817810058594,2019.81005859375,683.5072631835938,35.54999923706055
2025-12-12,46.910919189453125,2015.8900146484375,676.1581420898438,35.029998779296875
2025-12-15,48.325706481933594,1966.760009765625,675.1365356445312,35.11000061035156
2025-12-16,48.471065521240234,1933.719970703125,673.2918701171875,34.13999938964844
2025-12-17,48.286949157714844,1916.280029296875,665.8832397460938,34.060001373291016
2025-12-18,52.23091125488281,1964.4599609375,670.9114990234375,35.61000061035156
2025-12-19,52.492549896240234,1997.6099853515625,676.9923095703125,35.540000915527344
2025-12-22,52.056488037109375,1993.6500244140625,681.2098388671875,35.5099983215332
2025-12-23,52.3665771484375,1995.0699462890625,684.3233032226562,35.90999984741211
2025-12-24,52.599143981933594,1998.2099609375,686.7305297851562,36.02000045776367
2025-12-26,53.86857986450195,2005.7099609375,686.660888671875,35.959999084472656
2025-12-29,53.17102813720703,2014.969970703125,684.2138671875,36.459999084472656
2025-12-30,52.52012252807617,2020.8800048828125,683.3782958984375,36.08000183105469
2025-12-31,52.40353775024414,2014.260009765625,678.3152465820312,36.15999984741211
2026-01-02,51.83034133911133,1973.699951171875,679.55859375,36.290000915527344
2026-01-05,54.40485763549805,2148.6201171875,684.0845947265625,36.380001068115234
2026-01-06,52.15093994140625,2187.0400390625,688.1529541015625,34.38999938964844
2026-01-07,52.044071197509766,2162.610107421875,685.9347534179688,32.779998779296875
2026-01-08,54.71574401855469,2179.800048828125,685.8651123046875,33.79999923706055
2026-01-09,54.85175323486328,2178.409912109375,690.4010009765625,34.08000183105469
2026-01-12,53.49163055419922,2149.89990234375,691.4852294921875,33.81999969482422
2026-01-13,52.01492691040039,2073.570068359375,690.1026000976562,34.83000183105469
2026-01-14,49.52785110473633,2101.949951171875,686.7105712890625,34.54999923706055
2026-01-15,49.71243667602539,2098.85009765625,688.5806884765625,33.720001220703125
2026-01-16,49.92617416381836,2075.010009765625,688.0037231445312,34.310001373291016
2026-01-20,48.954654693603516,2034.8199462890625,673.9981689453125,34.52000045776367
2026-01-21,52.52983474731445,2057.77001953125,681.77685546875,36.09000015258789
2026-01-22,52.23837661743164,2153.75,685.3379516601562,35.689998626708984
2026-01-23,52.209232330322266,2137.2900390625,685.5865478515625,36.41999816894531
2026-01-26,52.84071731567383,2212.6201171875,689.068115234375,36.529998779296875
2026-01-27,54.17169189453125,2295.0,691.8134765625,38.279998779296875
2026-01-28,54.288272857666016,2268.60009765625,691.7438354492188,38.599998474121094
2026-01-29,54.29798889160156,2218.139892578125,690.3711547851562,39.77000045776367
2026-01-30,53.54020690917969,2147.7900390625,688.3121337890625,39.790000915527344
2026-02-02,52.52324676513672,2147.219970703125,691.73388671875,38.86000061035156
2026-02-03,52.0167236328125,2099.89990234375,685.885009765625,38.970001220703125
2026-02-04,51.120548248291016,2052.780029296875,682.5626831054688,39.4900016784668
2026-02-05,46.92219924926758,2034.760009765625,674.0379638671875,37.5
2026-02-06,48.09111785888672,1970.1500244140625,686.96923828125,38.13999938964844
2026-02-09,48.704795837402344,2035.5899658203125,690.2816162109375,38.290000915527344
2026-02-10,50.16594314575195,2025.3199462890625,688.4613037109375,39.099998474121094
2026-02-11,49.542518615722656,2018.1800537109375,688.3021850585938,38.9900016784668
2026-02-12,44.26292037963867,2007.0,677.668701171875,37.31999969482422
2026-02-13,44.78892517089844,1988.260009765625,678.1461181640625,37.369998931884766
2026-02-17,43.99017333984375,1975.510009765625,679.2402954101562,37.0099983215332
2026-02-18,43.61027526855469,2009.050048828125,682.662109375,37.380001068115234
2026-02-19,46.40592956542969,1996.550048828125,680.8616943359375,38.5
2026-02-20,48.354122161865234,1996.8699951171875,685.7855834960938,38.5099983215332
2026-02-23,47.155982971191406,1864.4599609375,678.7827758789062,37.52000045776367
2026-02-24,47.71121597290039,1922.56005859375,683.7164916992188,38.0099983215332
2026-02-25,47.32157516479492,1767.7099609375,689.4859008789062,37.310001373291016
2026-02-26,45.782508850097656,1740.8800048828125,685.6561889648438,36.279998779296875
2026-02-27,43.68819808959961,1757.5799560546875,682.3637084960938,35.38999938964844
2026-03-02,43.3206787109375,1777.0,682.7516479492188,35.349998474121094
2026-03-03,42.656009674072266,1714.010009765625,676.7337036132812,34.66999816894531
2026-03-04,43.0372200012207,1769.030029296875,681.50830078125,35.20000076293945
2026-03-05,42.216156005859375,1780.3599853515625,677.7084350585938,35.97999954223633
2026-03-06,40.798858642578125,1787.8599853515625,668.8256225585938,36.88999938964844
2026-03-09,41.51239776611328,1769.52001953125,674.6845092773438,36.779998779296875
2026-03-10,43.193607330322266,1742.0899658203125,673.6002807617188,36.68000030517578
2026-03-11,44.4056510925293,1766.0999755859375,672.7548217773438,39.279998779296875
2026-03-12,42.137962341308594,1680.0,662.5390625,38.2599983215332
2026-03-13,40.19282913208008,1670.0,658.7890014648438,38.25
2026-03-16,39.938697814941406,1732.3299560546875,665.493408203125,37.45000076293945
2026-03-17,40.613136291503906,1728.1400146484375,667.2440185546875,38.11000061035156
2026-03-18,41.072540283203125,1690.260009765625,657.9335327148438,39.47999954223633
2026-03-19,42.86127471923828,1666.9300537109375,656.3121337890625,41.59000015258789
2026-03-20,41.981571197509766,1635.760009765625,646.9034423828125,41.91999816894531
2026-03-23,44.425201416015625,1666.0799560546875,653.6959228515625,41.209999084472656
2026-03-24,44.024444580078125,1612.02001953125,651.5015869140625,42.560001373291016
2026-03-25,44.33722686767578,1639.469970703125,655.1322021484375,43.18000030517578
2026-03-26,43.52593994140625,1630.989990234375,643.432373046875,43.68000030517578
2026-03-27,41.73720932006836,1599.52001953125,632.4606323242188,45.16999816894531
2026-03-30,42.198333740234375,1619.199951171875,630.3460693359375,46.119998931884766
2026-03-31,45.82851028442383,1729.02001953125,648.6688842773438,46.220001220703125
2026-04-01,45.60285186767578,1718.969970703125,653.5562744140625,44.310001373291016
2026-04-02,45.3281364440918,1715.52001953125,654.144775390625,45.220001220703125
2026-04-06,45.33794403076172,1710.3699951171875,657.23681640625,43.880001068115234
2026-04-07,44.454933166503906,1742.300048828125,657.5260009765625,44.16999816894531
2026-04-08,46.67228317260742,1775.739990234375,674.27294921875,43.47999954223633
2026-04-09,47.02548599243164,1793.2099609375,678.162841796875,42.689998626708984
2026-04-10,47.2119026184082,1773.9599609375,677.7140502929688,42.95000076293945
2026-04-13,47.928123474121094,1831.9300537109375,684.3369750976562,43.5099983215332
2026-04-14,48.21265411376953,1840.6600341796875,692.675537109375,42.11000061035156
2026-04-15,48.44812774658203,1872.1199951171875,698.1414184570312,41.540000915527344
2026-04-16,48.085105895996094,1822.1300048828125,699.8569946289062,41.869998931884766
2026-04-17,46.996055603027344,1855.8299560546875,708.3152465820312,40.59000015258789
2026-04-20,47.08435821533203,1870.0799560546875,706.8988037109375,40.97999954223633
2026-04-21,46.89794158935547,1854.1800537109375,702.2708129882812,43.119998931884766
2026-04-22,45.3281364440918,1860.97998046875,709.3825073242188,43.150001525878906
2026-04-23,42.649654388427734,1809.199951171875,706.6295776367188,43.310001373291016
2026-04-24,42.35531234741211,1835.219970703125,712.10546875,42.939998626708984
2026-04-27,42.2572021484375,1839.280029296875,713.332275390625,43.0
2026-04-28,42.767391204833984,1791.989990234375,709.8612060546875,43.38999938964844
2026-04-29,41.91381072998047,1767.02001953125,709.7515258789062,44.810001373291016
2026-04-30,40.559852600097656,1792.6300048828125,716.8132934570312,45.15999984741211
2026-05-01,39.392311096191406,1850.050048828125,718.7982177734375,43.380001068115234
2026-05-04,39.81001281738281,1813.530029296875,716.1649780273438,44.43000030517578
2026-05-05,40.0661506652832,1817.31005859375,721.9102172851562,43.970001220703125
2026-05-06,42.79502487182617,1841.1400146484375,731.9443359375,43.2599983215332
2026-05-07,42.59799575805664,1870.010009765625,729.7001342773438,42.79999923706055
2026-05-08,41.336997985839844,1632.52001953125,735.724609375,42.369998931884766
2026-05-11,43.540000915527344,1557.300048828125,737.4002685546875,44.93000030517578
2026-05-12,42.189998626708984,1578.780029296875,736.2831420898438,44.95000076293945
2026-05-13,41.790000915527344,1562.0,740.4025268554688,43.529998779296875
2026-05-14,41.849998474121094,1607.3699951171875,746.2474975585938,44.16999816894531
2026-05-15,40.790000915527344,1546.81005859375,737.2706298828125,43.65999984741211
2026-05-18,42.29999923706055,1585.9100341796875,736.751953125,47.47999954223633
2026-05-19,39.95000076293945,1594.8599853515625,731.8446044921875,47.959999084472656
2026-05-20,42.02000045776367,1651.199951171875,739.3452758789062,47.06999969482422
2026-05-21,44.0099983215332,1677.9000244140625,740.8114624023438,47.939998626708984
2026-05-22,43.54999923706055,1664.4200439453125,743.7239990234375,47.9900016784668
2026-05-26,45.90999984741211,1648.0400390625,748.6613159179688,48.599998474121094
2026-05-27,48.18000030517578,1696.1700439453125,748.5316162109375,51.59000015258789
2026-05-28,48.83000183105469,1695.530029296875,752.6609497070312,52.0
2026-05-29,50.689998626708984,1695.6500244140625,754.5361328125,53.0099983215332
2026-06-01,51.15999984741211,1730.97998046875,756.5908203125,54.7400016784668
2026-06-02,50.33000183105469,1672.8299560546875,757.6182250976562,55.310001373291016
2026-06-03,48.33000183105469,1638.5400390625,752.3018798828125,54.900001525878906
2026-06-04,48.619998931884766,1634.780029296875,755.1445922851562,55.119998931884766
2026-06-05,47.810001373291016,1607.800048828125,735.65478515625,53.5
2026-06-08,48.040000915527344,1611.989990234375,737.3204345703125,53.540000915527344
2026-06-09,49.9900016784668,1641.1600341796875,735.1560668945312,53.61000061035156
2026-06-10,49.619998931884766,1588.2900390625,723.56591796875,54.27000045776367
2026-06-11,55.40999984741211,1610.0,735.8642578125,56.349998474121094
2026-06-12,55.15999984741211,1589.5999755859375,739.843994140625,55.88999938964844
2026-06-15,55.959999084472656,1646.3599853515625,752.890380859375,52.59000015258789
2026-06-16,54.439998626708984,1674.0799560546875,748.4019775390625,51.2400016784668
2026-06-17,55.54999923706055,1631.8199462890625,739.0560302734375,50.849998474121094
2026-06-18,56.369998931884766,1635.1500244140625,746.739990234375,50.45000076293945
